{
  "bayer_pattern": "RGGB",
  "bayer_pattern_2x2": [
    [
      "R",
      "G"
    ],
    [
      "G",
      "B"
    ]
  ],
  "black_level_per_channel": [
    128,
    128,
    127,
    127
  ],
  "white_level_per_channel": [
    4095,
    4095,
    4095,
    4095
  ],
  "inferred_bit_depth": 12,
  "camera_whitebalance": [
    1.9359623193740845,
    1.0,
    1.4492607116699219,
    0.0
  ],
  "rgb_xyz_matrix": [
    [
      0.6599000096321106,
      -0.053700000047683716,
      -0.08910000324249268
    ],
    [
      -0.8070999979972839,
      1.5782999992370605,
      0.24240000545978546
    ],
    [
      -0.19830000400543213,
      0.22339999675750732,
      0.7462000250816345
    ],
    [
      0.0,
      0.0,
      0.0
    ]
  ],
  "color_matrix": [
    [
      1.8538637161254883,
      -0.915894091129303,
      0.06203032657504082,
      0.0
    ],
    [
      -0.02986445277929306,
      1.329400897026062,
      -0.29953649640083313,
      0.0
    ],
    [
      0.061080850660800934,
      -0.3691992461681366,
      1.308118462562561,
      0.0
    ]
  ],
  "daylight_whitebalance": [
    2.1106648445129395,
    0.9301389455795288,
    1.2442753314971924,
    0.0
  ],
  "color_desc": "RGBG",
  "orientation_flip": 0,
  "orientation_description": "Pas de rotation",
  "image_height": 2348,
  "image_width": 3522,
  "normalization": {
    "black_level_used": 127.5,
    "white_level_used": 4095.0
  }
}