{
  "bayer_pattern": "BGGR",
  "bayer_pattern_2x2": [
    [
      "B",
      "G"
    ],
    [
      "G",
      "R"
    ]
  ],
  "black_level_per_channel": [
    0,
    0,
    0,
    0
  ],
  "white_level_per_channel": [
    4095,
    4095,
    4095,
    4095
  ],
  "inferred_bit_depth": 12,
  "camera_whitebalance": [
    1.864864468574524,
    1.0,
    1.7939181327819824,
    0.0
  ],
  "rgb_xyz_matrix": [
    [
      0.7731999754905701,
      -0.24220000207424164,
      -0.07890000194311142
    ],
    [
      -0.8238000273704529,
      1.5884000062942505,
      0.24979999661445618
    ],
    [
      -0.08590000122785568,
      0.07829999923706055,
      0.7329999804496765
    ],
    [
      0.0,
      0.0,
      0.0
    ]
  ],
  "color_matrix": [
    [
      1.5309392213821411,
      -0.4171541631221771,
      -0.1137850284576416,
      0.0
    ],
    [
      -0.0076763927936553955,
      1.2880768775939941,
      -0.28040048480033875,
      0.0
    ],
    [
      0.011527461931109428,
      -0.21409040689468384,
      1.202562928199768,
      0.0
    ]
  ],
  "daylight_whitebalance": [
    2.4576385021209717,
    0.9282528758049011,
    1.258230447769165,
    0.0
  ],
  "color_desc": "RGBG",
  "orientation_flip": 6,
  "orientation_description": "90° horaire",
  "image_height": 2014,
  "image_width": 3040,
  "normalization": {
    "black_level_used": 0.0,
    "white_level_used": 4095.0
  },
  "image_height_rotated": 3040,
  "image_width_rotated": 2014
}