{
  "bayer_pattern": "RGGB",
  "bayer_pattern_2x2": [
    [
      "R",
      "G"
    ],
    [
      "G",
      "B"
    ]
  ],
  "black_level_per_channel": [
    128,
    128,
    127,
    127
  ],
  "white_level_per_channel": [
    4095,
    4095,
    4095,
    4095
  ],
  "inferred_bit_depth": 12,
  "camera_whitebalance": [
    1.4584742784500122,
    1.0,
    2.128814458847046,
    0.0
  ],
  "rgb_xyz_matrix": [
    [
      0.6599000096321106,
      -0.053700000047683716,
      -0.08910000324249268
    ],
    [
      -0.8070999979972839,
      1.5782999992370605,
      0.24240000545978546
    ],
    [
      -0.19830000400543213,
      0.22339999675750732,
      0.7462000250816345
    ],
    [
      0.0,
      0.0,
      0.0
    ]
  ],
  "color_matrix": [
    [
      1.8538693189620972,
      -0.9158938527107239,
      0.06202450022101402,
      0.0
    ],
    [
      -0.029891494661569595,
      1.329399824142456,
      -0.29950836300849915,
      0.0
    ],
    [
      0.061198942363262177,
      -0.36919447779655457,
      1.3079955577850342,
      0.0
    ]
  ],
  "daylight_whitebalance": [
    2.1106648445129395,
    0.9301389455795288,
    1.2444149255752563,
    0.0
  ],
  "color_desc": "RGBG",
  "orientation_flip": 0,
  "orientation_description": "Pas de rotation",
  "image_height": 2348,
  "image_width": 3522,
  "normalization": {
    "black_level_used": 127.5,
    "white_level_used": 4095.0
  }
}