{
  "bayer_pattern": "RGGB",
  "bayer_pattern_2x2": [
    [
      "R",
      "G"
    ],
    [
      "G",
      "B"
    ]
  ],
  "black_level_per_channel": [
    1024,
    1024,
    1024,
    1025
  ],
  "white_level_per_channel": [
    16000,
    16000,
    16000,
    15812
  ],
  "inferred_bit_depth": 14,
  "camera_whitebalance": [
    1.9943242073059082,
    1.0,
    1.6035946607589722,
    0.0
  ],
  "rgb_xyz_matrix": [
    [
      0.5784000158309937,
      -0.026200000196695328,
      -0.08209999650716782
    ],
    [
      -0.7538999915122986,
      1.5063999891281128,
      0.2671999931335449
    ],
    [
      -0.19820000231266022,
      0.26809999346733093,
      0.7426999807357788
    ],
    [
      0.0,
      0.0,
      0.0
    ]
  ],
  "color_matrix": [
    [
      1.9062927961349487,
      -1.052361011505127,
      0.14606821537017822,
      0.0
    ],
    [
      -0.044516630470752716,
      1.4269917011260986,
      -0.3824750483036041,
      0.0
    ],
    [
      0.04220195114612579,
      -0.4492528736591339,
      1.4070509672164917,
      0.0
    ]
  ],
  "daylight_whitebalance": [
    2.3666739463806152,
    0.9251677393913269,
    1.1210343837738037,
    0.0
  ],
  "color_desc": "RGBG",
  "orientation_flip": 0,
  "orientation_description": "Pas de rotation",
  "image_height": 2856,
  "image_width": 4290,
  "normalization": {
    "black_level_used": 1024.25,
    "white_level_used": 16000.0
  }
}