{
  "bayer_pattern": "GRBG",
  "bayer_pattern_2x2": [
    [
      "G",
      "R"
    ],
    [
      "B",
      "G"
    ]
  ],
  "black_level_per_channel": [
    0,
    0,
    0,
    0
  ],
  "white_level_per_channel": [
    4095,
    4095,
    4095,
    4095
  ],
  "inferred_bit_depth": 12,
  "camera_whitebalance": [
    2.269529342651367,
    1.0,
    1.7031248807907104,
    0.0
  ],
  "rgb_xyz_matrix": [
    [
      0.5902000069618225,
      -0.093299999833107,
      -0.07819999754428864
    ],
    [
      -0.8982999920845032,
      1.6719000339508057,
      0.2354000061750412
    ],
    [
      -0.14020000398159027,
      0.14550000429153442,
      0.646399974822998
    ],
    [
      0.0,
      0.0,
      0.0
    ]
  ],
  "color_matrix": [
    [
      1.7108558416366577,
      -0.7210336923599243,
      0.01017776969820261,
      0.0
    ],
    [
      0.011848632246255875,
      1.2404863834381104,
      -0.2523350417613983,
      0.0
    ],
    [
      0.038464877754449844,
      -0.28831014037132263,
      1.249845266342163,
      0.0
    ]
  ],
  "daylight_whitebalance": [
    2.614236354827881,
    0.9306665658950806,
    1.3965235948562622,
    0.0
  ],
  "color_desc": "RGBG",
  "orientation_flip": 0,
  "orientation_description": "Pas de rotation",
  "image_height": 2024,
  "image_width": 3032,
  "normalization": {
    "black_level_used": 0.0,
    "white_level_used": 4095.0
  }
}