{
  "bayer_pattern": "RGGB",
  "bayer_pattern_2x2": [
    [
      "R",
      "G"
    ],
    [
      "G",
      "B"
    ]
  ],
  "black_level_per_channel": [
    129,
    129,
    129,
    129
  ],
  "white_level_per_channel": [
    4000,
    4000,
    4000,
    4000
  ],
  "inferred_bit_depth": 12,
  "camera_whitebalance": [
    2.1695737838745117,
    1.0,
    1.166567087173462,
    0.0
  ],
  "rgb_xyz_matrix": [
    [
      0.824999988079071,
      -0.20440000295639038,
      -0.11270000040531158
    ],
    [
      -0.8091999888420105,
      1.5606000423431396,
      0.266400009393692
    ],
    [
      -0.28929999470710754,
      0.34529998898506165,
      0.8348000049591064
    ],
    [
      0.0,
      0.0,
      0.0
    ]
  ],
  "color_matrix": [
    [
      1.5557024478912354,
      -0.5919526815414429,
      0.036250222474336624,
      0.0
    ],
    [
      -0.023319797590374947,
      1.3800876140594482,
      -0.35676780343055725,
      0.0
    ],
    [
      0.0678105503320694,
      -0.46076998114585876,
      1.392959475517273,
      0.0
    ]
  ],
  "daylight_whitebalance": [
    2.188056468963623,
    0.9246038794517517,
    1.0211539268493652,
    0.0
  ],
  "color_desc": "RGBG",
  "orientation_flip": 5,
  "orientation_description": "90° anti-horaire",
  "image_height": 2055,
  "image_width": 3088,
  "normalization": {
    "black_level_used": 129.0,
    "white_level_used": 4000.0
  },
  "image_height_rotated": 3088,
  "image_width_rotated": 2054
}