{
  "bayer_pattern": "GBRG",
  "bayer_pattern_2x2": [
    [
      "G",
      "B"
    ],
    [
      "R",
      "G"
    ]
  ],
  "black_level_per_channel": [
    128,
    128,
    128,
    128
  ],
  "white_level_per_channel": [
    4095,
    4095,
    4095,
    4095
  ],
  "inferred_bit_depth": 12,
  "camera_whitebalance": [
    1.5104598999023438,
    1.0,
    1.9058581590652466,
    0.0
  ],
  "rgb_xyz_matrix": [
    [
      1.1093000173568726,
      -0.3905999958515167,
      -0.10279999673366547
    ],
    [
      -0.5047000050544739,
      1.2491999864578247,
      0.28790000081062317
    ],
    [
      -0.10029999911785126,
      0.17499999701976776,
      0.5561000108718872
    ],
    [
      0.0,
      0.0,
      0.0
    ]
  ],
  "color_matrix": [
    [
      1.5155220031738281,
      -0.37049123644828796,
      -0.14503078162670135,
      0.0
    ],
    [
      -0.13566915690898895,
      1.6590012311935425,
      -0.5233321189880371,
      0.0
    ],
    [
      0.02123069018125534,
      -0.48880723118782043,
      1.467576503753662,
      0.0
    ]
  ],
  "daylight_whitebalance": [
    1.8121699094772339,
    0.9233848452568054,
    1.4594998359680176,
    0.0
  ],
  "color_desc": "RGBG",
  "orientation_flip": 6,
  "orientation_description": "90° horaire",
  "image_height": 3322,
  "image_width": 4432,
  "normalization": {
    "black_level_used": 128.0,
    "white_level_used": 4095.0
  },
  "image_height_rotated": 4432,
  "image_width_rotated": 3322
}