{
  "bayer_pattern": "RGGB",
  "bayer_pattern_2x2": [
    [
      "R",
      "G"
    ],
    [
      "G",
      "B"
    ]
  ],
  "black_level_per_channel": [
    127,
    127,
    127,
    127
  ],
  "white_level_per_channel": [
    3700,
    3700,
    3700,
    3700
  ],
  "inferred_bit_depth": 12,
  "camera_whitebalance": [
    2.0195329189300537,
    1.0,
    1.1171873807907104,
    0.0
  ],
  "rgb_xyz_matrix": [
    [
      0.6263999938964844,
      -0.05820000171661377,
      -0.07240000367164612
    ],
    [
      -0.8312000036239624,
      1.5947999954223633,
      0.25040000677108765
    ],
    [
      -0.17440000176429749,
      0.19189999997615814,
      0.8664000034332275
    ],
    [
      0.0,
      0.0,
      0.0
    ]
  ],
  "color_matrix": [
    [
      1.875819444656372,
      -0.8779101967811584,
      0.0020907195284962654,
      0.0
    ],
    [
      -0.010855714790523052,
      1.3060654401779175,
      -0.29520973563194275,
      0.0
    ],
    [
      0.03575781732797623,
      -0.3044317364692688,
      1.2686738967895508,
      0.0
    ]
  ],
  "daylight_whitebalance": [
    2.0996742248535156,
    0.9280558228492737,
    1.0591065883636475,
    0.0
  ],
  "color_desc": "RGBG",
  "orientation_flip": 0,
  "orientation_description": "Pas de rotation",
  "image_height": 2348,
  "image_width": 3522,
  "normalization": {
    "black_level_used": 127.0,
    "white_level_used": 3700.0
  }
}