{
  "bayer_pattern": "RGGB",
  "bayer_pattern_2x2": [
    [
      "R",
      "G"
    ],
    [
      "G",
      "B"
    ]
  ],
  "black_level_per_channel": [
    255,
    256,
    256,
    255
  ],
  "white_level_per_channel": [
    3726,
    3726,
    3726,
    3726
  ],
  "inferred_bit_depth": 12,
  "camera_whitebalance": [
    2.2705085277557373,
    1.0,
    1.495116949081421,
    0.0
  ],
  "rgb_xyz_matrix": [
    [
      0.7053999900817871,
      -0.1500999927520752,
      -0.0989999994635582
    ],
    [
      -0.8155999779701233,
      1.5543999671936035,
      0.28119999170303345
    ],
    [
      -0.12780000269412994,
      0.14139999449253082,
      0.7796000242233276
    ],
    [
      0.0,
      0.0,
      0.0
    ]
  ],
  "color_matrix": [
    [
      1.6051994562149048,
      -0.673272430896759,
      0.06807299703359604,
      0.0
    ],
    [
      -0.004040366970002651,
      1.3480027914047241,
      -0.3439624011516571,
      0.0
    ],
    [
      0.017502186819911003,
      -0.28166675567626953,
      1.2641645669937134,
      0.0
    ]
  ],
  "daylight_whitebalance": [
    2.4448726177215576,
    0.9213398694992065,
    1.1692500114440918,
    0.0
  ],
  "color_desc": "RGBG",
  "orientation_flip": 0,
  "orientation_description": "Pas de rotation",
  "image_height": 2602,
  "image_width": 3906,
  "normalization": {
    "black_level_used": 255.5,
    "white_level_used": 3726.0
  }
}