{
  "bayer_pattern": "RGGB",
  "bayer_pattern_2x2": [
    [
      "R",
      "G"
    ],
    [
      "G",
      "B"
    ]
  ],
  "black_level_per_channel": [
    1024,
    1023,
    1024,
    1024
  ],
  "white_level_per_channel": [
    13600,
    13600,
    13600,
    13600
  ],
  "inferred_bit_depth": 14,
  "camera_whitebalance": [
    2.3818371295928955,
    1.0,
    1.328125238418579,
    0.0
  ],
  "rgb_xyz_matrix": [
    [
      0.6071000099182129,
      -0.0746999979019165,
      -0.08560000360012054
    ],
    [
      -0.7652999758720398,
      1.5364999771118164,
      0.24410000443458557
    ],
    [
      -0.20250000059604645,
      0.25529998540878296,
      0.7315000295639038
    ],
    [
      0.0,
      0.0,
      0.0
    ]
  ],
  "color_matrix": [
    [
      1.7821667194366455,
      -0.8654911518096924,
      0.0833243876695633,
      0.0
    ],
    [
      -0.04586181417107582,
      1.375288486480713,
      -0.32942667603492737,
      0.0
    ],
    [
      0.05308713763952255,
      -0.420221745967865,
      1.3671345710754395,
      0.0
    ]
  ],
  "daylight_whitebalance": [
    2.498418092727661,
    0.9301522970199585,
    1.1521215438842773,
    0.0
  ],
  "color_desc": "RGBG",
  "orientation_flip": 6,
  "orientation_description": "90° horaire",
  "image_height": 2602,
  "image_width": 3908,
  "normalization": {
    "black_level_used": 1023.75,
    "white_level_used": 13600.0
  },
  "image_height_rotated": 3908,
  "image_width_rotated": 2602
}