{
  "bayer_pattern": "GBRG",
  "bayer_pattern_2x2": [
    [
      "G",
      "B"
    ],
    [
      "R",
      "G"
    ]
  ],
  "black_level_per_channel": [
    2047,
    2047,
    2047,
    2047
  ],
  "white_level_per_channel": [
    15000,
    15000,
    15000,
    16383
  ],
  "inferred_bit_depth": 14,
  "camera_whitebalance": [
    1.7265609502792358,
    1.0,
    1.8681637048721313,
    0.0
  ],
  "rgb_xyz_matrix": [
    [
      0.6460999846458435,
      -0.09070000052452087,
      -0.08820000290870667
    ],
    [
      -0.4300000071525574,
      1.218400001525879,
      0.2378000020980835
    ],
    [
      -0.08190000057220459,
      0.19439999759197235,
      0.5931000113487244
    ],
    [
      0.0,
      0.0,
      0.0
    ]
  ],
  "color_matrix": [
    [
      1.8794536590576172,
      -1.0325812101364136,
      0.15312756597995758,
      0.0
    ],
    [
      -0.2197892665863037,
      1.7153058052062988,
      -0.4955165386199951,
      0.0
    ],
    [
      0.006911824457347393,
      -0.5149374604225159,
      1.5080256462097168,
      0.0
    ]
  ],
  "daylight_whitebalance": [
    2.2078943252563477,
    0.9357847571372986,
    1.2963217496871948,
    0.0
  ],
  "color_desc": "RGBG",
  "orientation_flip": 6,
  "orientation_description": "90° horaire",
  "image_height": 3464,
  "image_width": 5202,
  "normalization": {
    "black_level_used": 2047.0,
    "white_level_used": 16383.0
  },
  "image_height_rotated": 5202,
  "image_width_rotated": 3464
}